trigger_id,frame_unit_id,source_frame_id,source_type,registry_status,event_status,event_id,research_stratum,trigger_type,trigger_actor,trigger_timestamp,trigger_timestamp_precision,jurisdiction,target_kind,target_chains,coverage_measured_layers,coverage_partial_layers,coverage_not_measured_layers,coverage_not_applicable_layers,observed_change_layers,empirical_shape,admission_tier,source_file,triage_notes
ofac-recent-action-20150401,ofac_recent_actions_crypto_2017_2026:ofac-recent-action-20150401,ofac_recent_actions_crypto_2017_2026,candidate_trigger,screened_no_extractor_target,,,,ofac_sdn_designation,US_OFAC,2015-04-01T00:00:00Z,day,US,,,,,,,,,,candidate_triggers/rejected/ofac-recent-action-20150401.yaml,"Systematic OFAC backfill retained for selection transparency, but not counted as an in-frame trigger because the extractor found no concrete crypto target."
ofac-recent-action-20151231,ofac_recent_actions_crypto_2017_2026:ofac-recent-action-20151231,ofac_recent_actions_crypto_2017_2026,candidate_trigger,screened_no_extractor_target,,,,ofac_sdn_designation,US_OFAC,2015-12-31T00:00:00Z,day,US,,,,,,,,,,candidate_triggers/rejected/ofac-recent-action-20151231.yaml,"Systematic OFAC backfill retained for selection transparency, but not counted as an in-frame trigger because the extractor found no concrete crypto target."
ofac-recent-action-20161229,ofac_recent_actions_crypto_2017_2026:ofac-recent-action-20161229,ofac_recent_actions_crypto_2017_2026,candidate_trigger,screened_no_extractor_target,,,,ofac_sdn_designation,US_OFAC,2016-12-29T00:00:00Z,day,US,,,,,,,,,,candidate_triggers/rejected/ofac-recent-action-20161229.yaml,"Systematic OFAC backfill retained for selection transparency, but not counted as an in-frame trigger because the extractor found no concrete crypto target."
ofac-recent-action-20170208,ofac_recent_actions_crypto_2017_2026:ofac-recent-action-20170208,ofac_recent_actions_crypto_2017_2026,candidate_trigger,screened_no_extractor_target,,,,ofac_sdn_designation,US_OFAC,2017-02-08T00:00:00Z,day,US,,,,,,,,,,candidate_triggers/rejected/ofac-recent-action-20170208.yaml,"Systematic OFAC backfill retained for selection transparency, but not counted as an in-frame trigger because the extractor found no concrete crypto target."
btc-e-doj-2017,legacy_v0_1_event_yaml:btc-e-doj-2017:entity,legacy_v0_1_event_yaml,event_yaml,admitted,admitted,btc-e-doj-2017,S3_doj_sec_cftc_fiod,doj_indictment,US_DOJ_NDCA,2017-07-26T00:00:00+00:00,day,US,entity,bitcoin,l4_frontend,,"l0_network,offramp_cex","asset_onchain,l1_consensus,l3_rpc",l4_frontend,comparison,empirical_case,events/btc-e-doj-2017.yaml,"""DOJ NDCA indictment of BTC-e / Alexander Vinnik on 2017-07-26 was accompanied"
ofac-recent-action-20170914,ofac_recent_actions_crypto_2017_2026:ofac-recent-action-20170914,ofac_recent_actions_crypto_2017_2026,candidate_trigger,screened_no_extractor_target,,,,ofac_sdn_designation,US_OFAC,2017-09-14T00:00:00Z,day,US,,,,,,,,,,candidate_triggers/rejected/ofac-recent-action-20170914.yaml,"Systematic OFAC backfill retained for selection transparency, but not counted as an in-frame trigger because the extractor found no concrete crypto target."
ofac-recent-action-20180315,ofac_recent_actions_crypto_2017_2026:ofac-recent-action-20180315,ofac_recent_actions_crypto_2017_2026,candidate_trigger,screened_no_extractor_target,,,,ofac_sdn_designation,US_OFAC,2018-03-15T00:00:00Z,day,US,,,,,,,,,,candidate_triggers/rejected/ofac-recent-action-20180315.yaml,"Systematic OFAC backfill retained for selection transparency, but not counted as an in-frame trigger because the extractor found no concrete crypto target."
ofac-recent-action-20180319,ofac_recent_actions_crypto_2017_2026:ofac-recent-action-20180319,ofac_recent_actions_crypto_2017_2026,candidate_trigger,screened_no_extractor_target,,,,ofac_sdn_designation,US_OFAC,2018-03-19T00:00:00Z,day,US,,,,,,,,,,candidate_triggers/rejected/ofac-recent-action-20180319.yaml,"Systematic OFAC backfill retained for selection transparency, but not counted as an in-frame trigger because the extractor found no concrete crypto target."
ofac-recent-action-20180323,ofac_recent_actions_crypto_2017_2026:ofac-recent-action-20180323,ofac_recent_actions_crypto_2017_2026,candidate_trigger,screened_no_extractor_target,,,,ofac_sdn_designation,US_OFAC,2018-03-23T00:00:00Z,day,US,,,,,,,,,,candidate_triggers/rejected/ofac-recent-action-20180323.yaml,"Systematic OFAC backfill retained for selection transparency, but not counted as an in-frame trigger because the extractor found no concrete crypto target."
india-rbi-crypto-ban-2018,legacy_v0_1_event_yaml:india-rbi-crypto-ban-2018:entity,legacy_v0_1_event_yaml,event_yaml,admitted,admitted,india-rbi-crypto-ban-2018,S4_nation_state,nation_state_block,IN_RBI,2018-04-06T00:00:00+00:00,day,IN,entity,,offramp_cex,,l4_frontend,"asset_onchain,l0_network,l1_consensus,l3_rpc",offramp_cex,comparison,empirical_case,events/india-rbi-crypto-ban-2018.yaml,"""RBI Circular of 2018-04-06 severed INR banking channels for Indian crypto exchanges"
ofac-recent-action-20180611,ofac_recent_actions_crypto_2017_2026:ofac-recent-action-20180611,ofac_recent_actions_crypto_2017_2026,candidate_trigger,screened_no_extractor_target,,,,ofac_sdn_designation,US_OFAC,2018-06-11T00:00:00Z,day,US,,,,,,,,,,candidate_triggers/rejected/ofac-recent-action-20180611.yaml,"Systematic OFAC backfill retained for selection transparency, but not counted as an in-frame trigger because the extractor found no concrete crypto target."
ofac-recent-action-20180821,ofac_recent_actions_crypto_2017_2026:ofac-recent-action-20180821,ofac_recent_actions_crypto_2017_2026,candidate_trigger,screened_no_extractor_target,,,,ofac_sdn_designation,US_OFAC,2018-08-21T00:00:00Z,day,US,,,,,,,,,,candidate_triggers/rejected/ofac-recent-action-20180821.yaml,"Systematic OFAC backfill retained for selection transparency, but not counted as an in-frame trigger because the extractor found no concrete crypto target."
iran-ransomware-ofac-2018,legacy_v0_1_event_yaml:iran-ransomware-ofac-2018:address_set:address_set:2:1AjZPMsnmpdK2Rv9KQNfMurTXinscVro9V,legacy_v0_1_event_yaml,event_yaml,admitted,admitted,iran-ransomware-ofac-2018,S1_ofac_sdn,ofac_sdn_designation,US_OFAC,2018-11-28T00:00:00+00:00,day,US,address_set,bitcoin,,l4_frontend,"l0_network,offramp_cex","asset_onchain,l1_consensus,l3_rpc",,null_event,null_case,events/iran-ransomware-ofac-2018.yaml,"""OFAC first on-chain sanction (2018-11-28 Iran ransomware facilitators) produced no"
ofac-recent-action-20181128,ofac_recent_actions_crypto_2017_2026:ofac-recent-action-20181128:address_set:address_set:2:149w62rY42aZBox8fGcmqNsXUzSStKeq8C,ofac_recent_actions_crypto_2017_2026,candidate_trigger,promoted_to_event,,iran-ransomware-ofac-2018,S1_ofac_sdn,ofac_sdn_designation,US_OFAC,2018-11-28T00:00:00Z,day,US,address_set,bitcoin,,,,,,,,candidate_triggers/ofac-recent-action-20181128.yaml,Systematic OFAC backfill row is already represented by promoted event YAML: iran-ransomware-ofac-2018
lazarus-entity-ofac-2019,legacy_v0_1_event_yaml:lazarus-entity-ofac-2019:entity,legacy_v0_1_event_yaml,event_yaml,admitted,admitted,lazarus-entity-ofac-2019,S1_ofac_sdn,ofac_sdn_designation,US_OFAC,2019-09-13T00:00:00+00:00,day,US,entity,,offramp_cex,,,"asset_onchain,l0_network,l1_consensus,l3_rpc,l4_frontend",,null_event,null_case,events/lazarus-entity-ofac-2019.yaml,"""OFAC designation of three DPRK-linked cyber entities (Lazarus Group, Bluenoroff,"
ofac-recent-action-20190930,ofac_recent_actions_crypto_2017_2026:ofac-recent-action-20190930,ofac_recent_actions_crypto_2017_2026,candidate_trigger,screened_no_extractor_target,,,,ofac_sdn_designation,US_OFAC,2019-09-30T00:00:00Z,day,US,,,,,,,,,,candidate_triggers/rejected/ofac-recent-action-20190930.yaml,"Systematic OFAC backfill retained for selection transparency, but not counted as an in-frame trigger because the extractor found no concrete crypto target."
ofac-recent-action-20191205,ofac_recent_actions_crypto_2017_2026:ofac-recent-action-20191205,ofac_recent_actions_crypto_2017_2026,candidate_trigger,screened_no_extractor_target,,,,ofac_sdn_removal,US_OFAC,2019-12-05T00:00:00Z,day,US,,,,,,,,,,candidate_triggers/rejected/ofac-recent-action-20191205.yaml,"Systematic OFAC backfill retained for selection transparency, but not counted as an in-frame trigger because the extractor found no concrete crypto target."
ofac-recent-action-20191213,ofac_recent_actions_crypto_2017_2026:ofac-recent-action-20191213,ofac_recent_actions_crypto_2017_2026,candidate_trigger,screened_no_extractor_target,,,,ofac_sdn_removal,US_OFAC,2019-12-13T00:00:00Z,day,US,,,,,,,,,,candidate_triggers/rejected/ofac-recent-action-20191213.yaml,"Systematic OFAC backfill retained for selection transparency, but not counted as an in-frame trigger because the extractor found no concrete crypto target."
lazarus-laundering-ofac-2020,legacy_v0_1_event_yaml:lazarus-laundering-ofac-2020:address_set:address_set:20:1EfMVkxQQuZfBdocpJu6RUsCJvenQWbQyE,legacy_v0_1_event_yaml,event_yaml,admitted,admitted,lazarus-laundering-ofac-2020,S1_ofac_sdn,ofac_sdn_designation,US_OFAC,2020-03-02T00:00:00+00:00,day,US,address_set,bitcoin,offramp_cex,,,"asset_onchain,l0_network,l1_consensus,l3_rpc,l4_frontend",,null_event,null_case,events/lazarus-laundering-ofac-2020.yaml,"""OFAC designation of two DPRK-laundering Chinese nationals on 2020-03-02 attached 20"
ofac-recent-action-20200302,ofac_recent_actions_crypto_2017_2026:ofac-recent-action-20200302:address_set:address_set:20:134r8iHv69xdT6p5qVKTsHrcUEuBVZAYak,ofac_recent_actions_crypto_2017_2026,candidate_trigger,promoted_to_event,,lazarus-laundering-ofac-2020,S1_ofac_sdn,ofac_sdn_designation,US_OFAC,2020-03-02T00:00:00Z,day,US,address_set,bitcoin,,,,,,,,candidate_triggers/ofac-recent-action-20200302.yaml,Systematic OFAC backfill row is already represented by promoted event YAML: lazarus-laundering-ofac-2020
ofac-recent-action-20200415,ofac_recent_actions_crypto_2017_2026:ofac-recent-action-20200415,ofac_recent_actions_crypto_2017_2026,candidate_trigger,screened_no_extractor_target,,,,ofac_sdn_designation,US_OFAC,2020-04-15T00:00:00Z,day,US,,,,,,,,,,candidate_triggers/rejected/ofac-recent-action-20200415.yaml,"Systematic OFAC backfill retained for selection transparency, but not counted as an in-frame trigger because the extractor found no concrete crypto target."
ofac-recent-action-20200616,ofac_recent_actions_crypto_2017_2026:ofac-recent-action-20200616,ofac_recent_actions_crypto_2017_2026,candidate_trigger,screened_no_extractor_target,,,,ofac_sdn_designation,US_OFAC,2020-06-16T00:00:00Z,day,US,,,,,,,,,,candidate_triggers/rejected/ofac-recent-action-20200616.yaml,"Systematic OFAC backfill retained for selection transparency, but not counted as an in-frame trigger because the extractor found no concrete crypto target."
russia-election-interference-ofac-2020,legacy_v0_1_event_yaml:russia-election-interference-ofac-2020:address_set:address_set:23:12sjrrhoFEsedNRhtgwvvRqjFTh8fZTDX9,legacy_v0_1_event_yaml,event_yaml,admitted,admitted,russia-election-interference-ofac-2020,S1_ofac_sdn,ofac_sdn_designation,US_OFAC,2020-09-10T00:00:00+00:00,day,US,address_set,"bitcoin,ethereum,litecoin,zcash,bitcoin_sv,dash",asset_onchain,,offramp_cex,"l0_network,l1_consensus,l3_rpc,l4_frontend",asset_onchain,comparison,empirical_case,events/russia-election-interference-ofac-2020.yaml,"""OFAC designation of Russia-linked election interference actors on 2020-09-10 attached 23"
ofac-recent-action-20200910,ofac_recent_actions_crypto_2017_2026:ofac-recent-action-20200910:address_set:address_set:23:12sjrrhoFEsedNRhtgwvvRqjFTh8fZTDX9,ofac_recent_actions_crypto_2017_2026,candidate_trigger,promoted_to_event,,russia-election-interference-ofac-2020,S1_ofac_sdn,ofac_sdn_designation,US_OFAC,2020-09-10T00:00:00Z,day,US,address_set,"bitcoin_sv,dash,ethereum,litecoin,bitcoin,zcash",,,,,,,,candidate_triggers/ofac-recent-action-20200910.yaml,Systematic OFAC backfill row is already represented by promoted event YAML: russia-election-interference-ofac-2020
russian-cyber-theft-ofac-2020,legacy_v0_1_event_yaml:russian-cyber-theft-ofac-2020:address_set:address_set:11:1Q6saNmqKkyFB9mFR68Ck8F7Dp7dTopF2W,legacy_v0_1_event_yaml,event_yaml,admitted,admitted,russian-cyber-theft-ofac-2020,S1_ofac_sdn,ofac_sdn_designation,US_OFAC,2020-09-16T00:00:00+00:00,day,US,address_set,"bitcoin,ethereum,ethereum_classic,monero,litecoin,zcash,dash,bitcoin_gold",asset_onchain,,offramp_cex,"l0_network,l1_consensus,l3_rpc,l4_frontend",asset_onchain,comparison,empirical_case,events/russian-cyber-theft-ofac-2020.yaml,"""OFAC individual designation of two Russian cyber-theft actors on 2020-09-16 attached 12"
ofac-recent-action-20200916,ofac_recent_actions_crypto_2017_2026:ofac-recent-action-20200916:address_set:address_set:12:GPwg61XoHqQPNmAucFACuQ5H9sGCDv9TpS,ofac_recent_actions_crypto_2017_2026,candidate_trigger,promoted_to_event,,russian-cyber-theft-ofac-2020,S1_ofac_sdn,ofac_sdn_designation,US_OFAC,2020-09-16T00:00:00Z,day,US,address_set,"bitcoin_gold,dash,ethereum_classic,ethereum,litecoin,bitcoin,monero,zcash",,,,,,,,candidate_triggers/ofac-recent-action-20200916.yaml,Systematic OFAC backfill row is already represented by promoted event YAML: russian-cyber-theft-ofac-2020
ofac-recent-action-20200917,ofac_recent_actions_crypto_2017_2026:ofac-recent-action-20200917,ofac_recent_actions_crypto_2017_2026,candidate_trigger,screened_no_extractor_target,,,,ofac_sdn_designation,US_OFAC,2020-09-17T00:00:00Z,day,US,,,,,,,,,,candidate_triggers/rejected/ofac-recent-action-20200917.yaml,"Systematic OFAC backfill retained for selection transparency, but not counted as an in-frame trigger because the extractor found no concrete crypto target."
ofac-recent-action-20201001,ofac_recent_actions_crypto_2017_2026:ofac-recent-action-20201001,ofac_recent_actions_crypto_2017_2026,candidate_trigger,screened_no_extractor_target,,,,ofac_sdn_designation,US_OFAC,2020-10-01T00:00:00Z,day,US,,,,,,,,,,candidate_triggers/rejected/ofac-recent-action-20201001.yaml,"Systematic OFAC backfill retained for selection transparency, but not counted as an in-frame trigger because the extractor found no concrete crypto target."
nigeria-cbn-crypto-ban-2021,legacy_v0_1_event_yaml:nigeria-cbn-crypto-ban-2021:entity,legacy_v0_1_event_yaml,event_yaml,admitted,admitted,nigeria-cbn-crypto-ban-2021,S4_nation_state,nation_state_block,NG_CBN,2021-02-05T00:00:00+00:00,day,NG,entity,,offramp_cex,,,"asset_onchain,l0_network,l1_consensus,l3_rpc,l4_frontend",offramp_cex,comparison,empirical_case,events/nigeria-cbn-crypto-ban-2021.yaml,"""CBN circular of 2021-02-05 severed Naira banking channels for cryptocurrency exchanges"
ofac-recent-action-20210302,ofac_recent_actions_crypto_2017_2026:ofac-recent-action-20210302,ofac_recent_actions_crypto_2017_2026,candidate_trigger,screened_no_extractor_target,,,,ofac_sdn_designation,US_OFAC,2021-03-02T00:00:00Z,day,US,,,,,,,,,,candidate_triggers/rejected/ofac-recent-action-20210302.yaml,"Systematic OFAC backfill retained for selection transparency, but not counted as an in-frame trigger because the extractor found no concrete crypto target."
turkey-cbrt-crypto-ban-2021,legacy_v0_1_event_yaml:turkey-cbrt-crypto-ban-2021:entity,legacy_v0_1_event_yaml,event_yaml,admitted,admitted,turkey-cbrt-crypto-ban-2021,S4_nation_state,nation_state_block,TR_CBRT,2021-04-16T00:00:00+00:00,day,TR,entity,,offramp_cex,,,"asset_onchain,l0_network,l1_consensus,l3_rpc,l4_frontend",offramp_cex,comparison,empirical_case,events/turkey-cbrt-crypto-ban-2021.yaml,"""CBRT regulation of 2021-04-16 (effective 2021-04-30) prohibited Turkish payment service"
suex-ofac-2021,legacy_v0_1_event_yaml:suex-ofac-2021:address_set:suex_otc,legacy_v0_1_event_yaml,event_yaml,admitted,admitted,suex-ofac-2021,S1_ofac_sdn,ofac_sdn_designation,US_OFAC,2021-09-21T00:00:00+00:00,day,US,address_set,"bitcoin,ethereum","asset_onchain,l4_frontend",,"l0_network,offramp_cex","l1_consensus,l3_rpc",asset_onchain,comparison,empirical_case,events/suex-ofac-2021.yaml,"""OFAC designation of SUEX OTC on 2021-09-21 — the first"
ofac-recent-action-20210921,ofac_recent_actions_crypto_2017_2026:ofac-recent-action-20210921:address_set:address_set:25:0x19aa5fe80d33a56d56c78e82ea5e50e5d80b4dff,ofac_recent_actions_crypto_2017_2026,candidate_trigger,promoted_to_event,,suex-ofac-2021,S1_ofac_sdn,ofac_sdn_designation,US_OFAC,2021-09-21T00:00:00Z,day,US,address_set,"ethereum,bitcoin,tron",,,,,,,,candidate_triggers/ofac-recent-action-20210921.yaml,Systematic OFAC backfill row is already represented by promoted event YAML: suex-ofac-2021
china-pboc-crypto-ban-2021,legacy_v0_1_event_yaml:china-pboc-crypto-ban-2021:entity,legacy_v0_1_event_yaml,event_yaml,admitted,admitted,china-pboc-crypto-ban-2021,S4_nation_state,nation_state_block,CN_PBOC,2021-09-24T10:51:05+00:00,minute,CN,entity,,offramp_cex,,"l0_network,l4_frontend","asset_onchain,l1_consensus,l3_rpc",offramp_cex,comparison,empirical_case,events/china-pboc-crypto-ban-2021.yaml,"Within 13-37 hours of the 2021-09-24 PBOC joint notice going public, both"
ofac-recent-action-20211015,ofac_recent_actions_crypto_2017_2026:ofac-recent-action-20211015,ofac_recent_actions_crypto_2017_2026,candidate_trigger,screened_no_extractor_target,,,,ofac_sdn_designation,US_OFAC,2021-10-15T00:00:00Z,day,US,,,,,,,,,,candidate_triggers/rejected/ofac-recent-action-20211015.yaml,"Systematic OFAC backfill retained for selection transparency, but not counted as an in-frame trigger because the extractor found no concrete crypto target."
chatex-ofac-2021,legacy_v0_1_event_yaml:chatex-ofac-2021:address_set:chatex_exchange,legacy_v0_1_event_yaml,event_yaml,admitted,admitted,chatex-ofac-2021,S1_ofac_sdn,ofac_sdn_designation,US_OFAC,2021-11-08T00:00:00+00:00,day,US,address_set,"bitcoin,ethereum,ripple","asset_onchain,l4_frontend",,"l0_network,offramp_cex","l1_consensus,l3_rpc","asset_onchain,l4_frontend",comparison,empirical_case,events/chatex-ofac-2021.yaml,"""OFAC designation of Chatex on 2021-11-08 produced a direct L4 frontend change within"
ofac-recent-action-20211108,ofac_recent_actions_crypto_2017_2026:ofac-recent-action-20211108:address_set:address_set:58:qpf2cphc5dkuclkqur7lhj2yuqq9pk3hmukle77vhq,ofac_recent_actions_crypto_2017_2026,candidate_trigger,promoted_to_event,,chatex-ofac-2021,S1_ofac_sdn,ofac_sdn_designation,US_OFAC,2021-11-08T00:00:00Z,day,US,address_set,"bitcoin_cash,dash,ethereum,litecoin,bitcoin,monero,xrp_ledger,tron",,,,,,,,candidate_triggers/ofac-recent-action-20211108.yaml,Systematic OFAC backfill row is already represented by promoted event YAML: chatex-ofac-2021
canada-convoy-freeze-2022,legacy_v0_1_event_yaml:canada-convoy-freeze-2022:entity,legacy_v0_1_event_yaml,event_yaml,admitted,admitted,canada-convoy-freeze-2022,S4_nation_state,nation_state_block,CA_Government,2022-02-14T00:00:00+00:00,day,CA,entity,bitcoin,offramp_cex,,,"asset_onchain,l0_network,l1_consensus,l3_rpc,l4_frontend",offramp_cex,comparison,empirical_case,events/canada-convoy-freeze-2022.yaml,"""Canada's 2022-02-14 invocation of the Emergencies Act produced the first"
korea-travel-rule-2022,legacy_v0_1_event_yaml:korea-travel-rule-2022:entity,legacy_v0_1_event_yaml,event_yaml,admitted,admitted,korea-travel-rule-2022,S4_nation_state,nation_state_block,KR_FSC,2022-03-25T00:00:00+00:00,day,KR,entity,,offramp_cex,,,"asset_onchain,l0_network,l1_consensus,l3_rpc,l4_frontend",offramp_cex,comparison,empirical_case,events/korea-travel-rule-2022.yaml,"""South Korea's 2022-03-25 Travel Rule effective date imposed metadata-"
ofac-recent-action-20220331,ofac_recent_actions_crypto_2017_2026:ofac-recent-action-20220331,ofac_recent_actions_crypto_2017_2026,candidate_trigger,screened_no_extractor_target,,,,ofac_sdn_removal,US_OFAC,2022-03-31T00:00:00Z,day,US,,,,,,,,,,candidate_triggers/rejected/ofac-recent-action-20220331.yaml,"Systematic OFAC backfill retained for selection transparency, but not counted as an in-frame trigger because the extractor found no concrete crypto target."
garantex-ofac-2022,legacy_v0_1_event_yaml:garantex-ofac-2022:entity,legacy_v0_1_event_yaml,event_yaml,admitted,admitted,garantex-ofac-2022,S1_ofac_sdn,ofac_sdn_designation,US_OFAC,2022-04-05T00:00:00+00:00,day,"US,RU",entity,"bitcoin,ethereum",offramp_cex,,"asset_onchain,l0_network,l4_frontend","l1_consensus,l3_rpc",offramp_cex,comparison,empirical_case,events/garantex-ofac-2022.yaml,"""OFAC designation of Garantex on 2022-04-05 (co-designated with Hydra)"
hydra-doj-2022,legacy_v0_1_event_yaml:hydra-doj-2022:entity:hydra_market,legacy_v0_1_event_yaml,event_yaml,admitted,admitted,hydra-doj-2022,S3_doj_sec_cftc_fiod,doj_seizure_order,US_DOJ,2022-04-05T00:00:00+00:00,day,"US,DE",entity,bitcoin,l4_frontend,,offramp_cex,"asset_onchain,l0_network,l1_consensus,l3_rpc",l4_frontend,comparison,empirical_case,events/hydra-doj-2022.yaml,"""DOJ/BKA takedown of Hydra Market on 2022-04-05 (same day as OFAC SDN designation) was"
hydra-ofac-2022,legacy_v0_1_event_yaml:hydra-ofac-2022:entity,legacy_v0_1_event_yaml,event_yaml,admitted,admitted,hydra-ofac-2022,S1_ofac_sdn,ofac_sdn_designation,US_OFAC,2022-04-05T00:00:00+00:00,day,"US,RU,DE",entity,bitcoin,,l4_frontend,"asset_onchain,l0_network,offramp_cex","l1_consensus,l3_rpc",l4_frontend,comparison,empirical_case,events/hydra-ofac-2022.yaml,"""OFAC designation of Hydra Market on 2022-04-05 (parallel to German BKA"
ofac-recent-action-20220405,ofac_recent_actions_crypto_2017_2026:ofac-recent-action-20220405:address_set:address_set:120:0x7FF9cFad3877F21d41Da833E2F775dB0569eE3D9,ofac_recent_actions_crypto_2017_2026,candidate_trigger,promoted_to_event,,"garantex-ofac-2022,hydra-ofac-2022",S1_ofac_sdn,ofac_sdn_designation,US_OFAC,2022-04-05T00:00:00Z,day,US,address_set,"ethereum,bitcoin,tron",,,,,,,,candidate_triggers/ofac-recent-action-20220405.yaml,"Systematic OFAC backfill row is already represented by promoted event YAML: garantex-ofac-2022, hydra-ofac-2022"
coinbase-india-exit-2022,legacy_v0_1_event_yaml:coinbase-india-exit-2022:domain,legacy_v0_1_event_yaml,event_yaml,admitted,admitted,coinbase-india-exit-2022,S5_corporate,corporate_policy_change,coinbase_inc,2022-04-07T00:00:00+00:00,day,IN,domain,,offramp_cex,,,"asset_onchain,l0_network,l1_consensus,l3_rpc,l4_frontend",offramp_cex,comparison,empirical_case,events/coinbase-india-exit-2022.yaml,"""Coinbase's 2022-04 India market entry was reversed within days through"
blender-ofac-2022,legacy_v0_1_event_yaml:blender-ofac-2022:address_set:blender_io,legacy_v0_1_event_yaml,event_yaml,admitted,admitted,blender-ofac-2022,S1_ofac_sdn,ofac_sdn_designation,US_OFAC,2022-05-06T00:00:00+00:00,day,US,address_set,bitcoin,l4_frontend,,"l0_network,offramp_cex","asset_onchain,l1_consensus,l3_rpc",l4_frontend,comparison,empirical_case,events/blender-ofac-2022.yaml,"""The first-ever OFAC mixer designation (Blender.io,"
ofac-recent-action-20220506,ofac_recent_actions_crypto_2017_2026:ofac-recent-action-20220506:address_set:address_set:53:0x08723392Ed15743cc38513C4925f5e6be5c17243,ofac_recent_actions_crypto_2017_2026,candidate_trigger,promoted_to_event,,blender-ofac-2022,S1_ofac_sdn,ofac_sdn_designation,US_OFAC,2022-05-06T00:00:00Z,day,US,address_set,"ethereum,bitcoin",,,,,,,,candidate_triggers/ofac-recent-action-20220506.yaml,Systematic OFAC backfill row is already represented by promoted event YAML: blender-ofac-2022
ofac-recent-action-20220808,ofac_recent_actions_crypto_2017_2026:ofac-recent-action-20220808:address_set:address_set:44:0x03893a7c7463AE47D46bc7f091665f1893656003,ofac_recent_actions_crypto_2017_2026,candidate_trigger,promoted_to_event,,tornado-cash-ofac-2022,S1_ofac_sdn,ofac_sdn_designation,US_OFAC,2022-08-08T00:00:00Z,day,US,address_set,ethereum,,,,,,,,candidate_triggers/ofac-recent-action-20220808.yaml,Systematic OFAC backfill row is already represented by promoted event YAML: tornado-cash-ofac-2022
tornado-cash-ofac-2022,legacy_v0_1_event_yaml:tornado-cash-ofac-2022:address_set:tornado_cash,legacy_v0_1_event_yaml,event_yaml,admitted,admitted,tornado-cash-ofac-2022,S1_ofac_sdn,ofac_sdn_designation,US_OFAC,2022-08-08T13:30:00+00:00,hour,US,address_set,ethereum,"asset_onchain,l4_frontend","l1_consensus,l3_rpc,offramp_cex",l0_network,,"asset_onchain,l1_consensus,l3_rpc,l4_frontend,offramp_cex",cascade,anchor_case,events/tornado-cash-ofac-2022.yaml,"""OFAC designation of Tornado Cash on 2022-08-08 produced the defining"
circle-usdc-tornado-2022,legacy_v0_1_event_yaml:circle-usdc-tornado-2022:address_set:tornado_cash,legacy_v0_1_event_yaml,event_yaml,admitted,admitted,circle-usdc-tornado-2022,S5_corporate,corporate_policy_change,circle_usdc_issuer,2022-08-08T19:25:35+00:00,second,corporate_global,address_set,ethereum,asset_onchain,,,"l0_network,l1_consensus,l3_rpc,l4_frontend,offramp_cex",asset_onchain,comparison,empirical_case,events/circle-usdc-tornado-2022.yaml,"""Circle's 2022-08-08 USDC blacklist action against Tornado Cash-adjacent"
pertsev-nl-arrest-2022,legacy_v0_1_event_yaml:pertsev-nl-arrest-2022:entity:tornado_cash,legacy_v0_1_event_yaml,event_yaml,admitted,admitted,pertsev-nl-arrest-2022,S3_doj_sec_cftc_fiod,doj_indictment,NL_FIOD,2022-08-10T00:00:00+00:00,day,NL,entity,,offramp_cex,,,"asset_onchain,l0_network,l1_consensus,l3_rpc,l4_frontend",,null_event,null_case,events/pertsev-nl-arrest-2022.yaml,"""FIOD arrest of Alexey Pertsev on 2022-08-10 in Amsterdam — 2 days after"
ofac-recent-action-20220902,ofac_recent_actions_crypto_2017_2026:ofac-recent-action-20220902,ofac_recent_actions_crypto_2017_2026,candidate_trigger,screened_no_extractor_target,,,,ofac_sdn_designation,US_OFAC,2022-09-02T00:00:00Z,day,US,,,,,,,,,,candidate_triggers/rejected/ofac-recent-action-20220902.yaml,"Systematic OFAC backfill retained for selection transparency, but not counted as an in-frame trigger because the extractor found no concrete crypto target."
ofac-recent-action-20220909,ofac_recent_actions_crypto_2017_2026:ofac-recent-action-20220909,ofac_recent_actions_crypto_2017_2026,candidate_trigger,screened_no_extractor_target,,,,ofac_sdn_designation,US_OFAC,2022-09-09T00:00:00Z,day,US,,,,,,,,,,candidate_triggers/rejected/ofac-recent-action-20220909.yaml,"Systematic OFAC backfill retained for selection transparency, but not counted as an in-frame trigger because the extractor found no concrete crypto target."
irgc-ransomware-ofac-2022,legacy_v0_1_event_yaml:irgc-ransomware-ofac-2022:address_set:address_set:6:1H939dom7i4WDLCKyGbXUp3fs9CSTNRzgL,legacy_v0_1_event_yaml,event_yaml,admitted,admitted,irgc-ransomware-ofac-2022,S1_ofac_sdn,ofac_sdn_designation,US_OFAC,2022-09-14T00:00:00+00:00,day,US,address_set,bitcoin,offramp_cex,,,"asset_onchain,l0_network,l1_consensus,l3_rpc,l4_frontend",,null_event,null_case,events/irgc-ransomware-ofac-2022.yaml,"""OFAC designation of 6 IRGC-affiliated individuals on 2022-09-14 attached 6 Bitcoin"
ofac-recent-action-20220914,ofac_recent_actions_crypto_2017_2026:ofac-recent-action-20220914:address_set:address_set:6:1H939dom7i4WDLCKyGbXUp3fs9CSTNRzgL,ofac_recent_actions_crypto_2017_2026,candidate_trigger,promoted_to_event,,irgc-ransomware-ofac-2022,S1_ofac_sdn,ofac_sdn_designation,US_OFAC,2022-09-14T00:00:00Z,day,US,address_set,bitcoin,,,,,,,,candidate_triggers/ofac-recent-action-20220914.yaml,Systematic OFAC backfill row is already represented by promoted event YAML: irgc-ransomware-ofac-2022
cftc-v-ooki-dao-2022,legacy_v0_1_event_yaml:cftc-v-ooki-dao-2022:entity:ooki_protocol,legacy_v0_1_event_yaml,event_yaml,admitted,admitted,cftc-v-ooki-dao-2022,S3_doj_sec_cftc_fiod,cftc_action,US_CFTC,2022-09-22T00:00:00+00:00,day,US,entity,,l4_frontend,,,"asset_onchain,l0_network,l1_consensus,l3_rpc,offramp_cex",l4_frontend,comparison,empirical_case,events/cftc-v-ooki-dao-2022.yaml,"""CFTC v. Ooki DAO (2022-09-22 filing; 2023-06-08 default judgment) is"
ofac-recent-action-20220922,ofac_recent_actions_crypto_2017_2026:ofac-recent-action-20220922,ofac_recent_actions_crypto_2017_2026,candidate_trigger,screened_no_extractor_target,,,,ofac_sdn_designation,US_OFAC,2022-09-22T00:00:00Z,day,US,,,,,,,,,,candidate_triggers/rejected/ofac-recent-action-20220922.yaml,"Systematic OFAC backfill retained for selection transparency, but not counted as an in-frame trigger because the extractor found no concrete crypto target."
tornado-cash-ofac-redesignation-2022,legacy_v0_1_event_yaml:tornado-cash-ofac-redesignation-2022:address_set:tornado_cash,legacy_v0_1_event_yaml,event_yaml,admitted,admitted,tornado-cash-ofac-redesignation-2022,S1_ofac_sdn,ofac_sdn_designation,US_OFAC,2022-11-08T00:00:00+00:00,day,US,address_set,ethereum,"asset_onchain,l1_consensus",,"l0_network,l3_rpc,l4_frontend,offramp_cex",,asset_onchain,comparison,empirical_case,events/tornado-cash-ofac-redesignation-2022.yaml,"""Expansion of the Tornado Cash SDN entry on 2022-11-08"
ofac-recent-action-20221108,ofac_recent_actions_crypto_2017_2026:ofac-recent-action-20221108:address_set:address_set:98:0x01e2919679362dFBC9ee1644Ba9C6da6D6245BB1,ofac_recent_actions_crypto_2017_2026,candidate_trigger,promoted_to_event,,tornado-cash-ofac-redesignation-2022,S1_ofac_sdn,ofac_sdn_designation,US_OFAC,2022-11-08T00:00:00Z,day,US,address_set,ethereum,,,,,,,,candidate_triggers/ofac-recent-action-20221108.yaml,Systematic OFAC backfill row is already represented by promoted event YAML: tornado-cash-ofac-redesignation-2022
bitzlato-doj-2023,legacy_v0_1_event_yaml:bitzlato-doj-2023:entity,legacy_v0_1_event_yaml,event_yaml,admitted,admitted,bitzlato-doj-2023,S3_doj_sec_cftc_fiod,doj_indictment,US_DOJ,2023-01-18T00:00:00+00:00,day,US,entity,"bitcoin,ethereum",offramp_cex,,"asset_onchain,l0_network,l3_rpc,l4_frontend",l1_consensus,offramp_cex,comparison,empirical_case,events/bitzlato-doj-2023.yaml,"""DOJ indictment of Bitzlato and its founder on 2023-01-18 — paired with"
ofac-recent-action-20230209,ofac_recent_actions_crypto_2017_2026:ofac-recent-action-20230209,ofac_recent_actions_crypto_2017_2026,candidate_trigger,screened_no_extractor_target,,,,ofac_sdn_designation,US_OFAC,2023-02-09T00:00:00Z,day,US,,,,,,,,,,candidate_triggers/rejected/ofac-recent-action-20230209.yaml,"Systematic OFAC backfill retained for selection transparency, but not counted as an in-frame trigger because the extractor found no concrete crypto target."
chipmixer-doj-2023,legacy_v0_1_event_yaml:chipmixer-doj-2023:entity:chipmixer,legacy_v0_1_event_yaml,event_yaml,admitted,admitted,chipmixer-doj-2023,S3_doj_sec_cftc_fiod,doj_seizure_order,US_DOJ_EDPA,2023-03-15T00:00:00+00:00,day,"US,DE,PL,CH,EU",entity,bitcoin,l4_frontend,,"l0_network,offramp_cex","asset_onchain,l1_consensus,l3_rpc",l4_frontend,comparison,empirical_case,events/chipmixer-doj-2023.yaml,"""DOJ EDPA seizure of ChipMixer on 2023-03-15 produced a direct L4 observed_change within"
ofac-recent-action-20230405,ofac_recent_actions_crypto_2017_2026:ofac-recent-action-20230405,ofac_recent_actions_crypto_2017_2026,candidate_trigger,screened_no_extractor_target,,,,ofac_sdn_designation,US_OFAC,2023-04-05T00:00:00Z,day,US,,,,,,,,,,candidate_triggers/rejected/ofac-recent-action-20230405.yaml,"Systematic OFAC backfill retained for selection transparency, but not counted as an in-frame trigger because the extractor found no concrete crypto target."
ofac-recent-action-20230427,ofac_recent_actions_crypto_2017_2026:ofac-recent-action-20230427,ofac_recent_actions_crypto_2017_2026,candidate_trigger,screened_no_extractor_target,,,,ofac_sdn_removal,US_OFAC,2023-04-27T00:00:00Z,day,US,,,,,,,,,,candidate_triggers/rejected/ofac-recent-action-20230427.yaml,"Systematic OFAC backfill retained for selection transparency, but not counted as an in-frame trigger because the extractor found no concrete crypto target."
matveev-ofac-2023,legacy_v0_1_event_yaml:matveev-ofac-2023:entity,legacy_v0_1_event_yaml,event_yaml,admitted,admitted,matveev-ofac-2023,S1_ofac_sdn,ofac_sdn_designation,US_OFAC,2023-05-16T00:00:00+00:00,day,US,entity,,offramp_cex,,asset_onchain,"l0_network,l1_consensus,l3_rpc,l4_frontend",,null_event,null_case,events/matveev-ofac-2023.yaml,"""OFAC designation of WAZAWAKA/Matveev on 2023-05-16 targeted a Russian ransomware"
ofac-recent-action-20230516,ofac_recent_actions_crypto_2017_2026:ofac-recent-action-20230516,ofac_recent_actions_crypto_2017_2026,candidate_trigger,promoted_to_event,,matveev-ofac-2023,S1_ofac_sdn,ofac_sdn_designation,US_OFAC,2023-05-16T00:00:00Z,day,US,,,,,,,,,,candidate_triggers/ofac-recent-action-20230516.yaml,Systematic OFAC backfill row is already represented by promoted event YAML: matveev-ofac-2023
sec-v-binance-2023,legacy_v0_1_event_yaml:sec-v-binance-2023:entity,legacy_v0_1_event_yaml,event_yaml,admitted,admitted,sec-v-binance-2023,S3_doj_sec_cftc_fiod,sec_action,US_SEC,2023-06-05T00:00:00+00:00,day,US,entity,,offramp_cex,,l4_frontend,"asset_onchain,l0_network,l1_consensus,l3_rpc",offramp_cex,comparison,empirical_case,events/sec-v-binance-2023.yaml,"""SEC v. Binance produced a scoped Binance.US CEX/off-ramp platform reaction"
sec-v-coinbase-2023,legacy_v0_1_event_yaml:sec-v-coinbase-2023:entity,legacy_v0_1_event_yaml,event_yaml,admitted,admitted,sec-v-coinbase-2023,S3_doj_sec_cftc_fiod,sec_action,US_SEC,2023-06-06T00:00:00+00:00,day,US,entity,,offramp_cex,,l4_frontend,"asset_onchain,l0_network,l1_consensus,l3_rpc",offramp_cex,comparison,empirical_case,events/sec-v-coinbase-2023.yaml,"""SEC v. Coinbase is admitted only for a state-scoped Coinbase staking-service"
eu-mica-2023,legacy_v0_1_event_yaml:eu-mica-2023:entity,legacy_v0_1_event_yaml,event_yaml,admitted,admitted,eu-mica-2023,S6_supranational,supranational_regulation,EU_Council,2023-06-09T00:00:00+00:00,day,EU,entity,,offramp_cex,,,"asset_onchain,l0_network,l1_consensus,l3_rpc,l4_frontend",offramp_cex,comparison,empirical_case,events/eu-mica-2023.yaml,"""EU MiCA Regulation 2023/1114 publication on 2023-06-09 established the"
uniswap-frontend-delisting-2023,legacy_v0_1_event_yaml:uniswap-frontend-delisting-2023:entity:uniswap_v2_v3,legacy_v0_1_event_yaml,event_yaml,admitted,admitted,uniswap-frontend-delisting-2023,S5_corporate,corporate_policy_change,uniswap_labs,2023-07-21T00:00:00+00:00,day,US,entity,ethereum,l4_frontend,,,"asset_onchain,l0_network,l1_consensus,l3_rpc,offramp_cex",l4_frontend,comparison,empirical_case,events/uniswap-frontend-delisting-2023.yaml,"""Uniswap Labs' 2023-07-21 restriction of more than 100 ERC-20 tokens from"
semenov-ofac-2023,legacy_v0_1_event_yaml:semenov-ofac-2023:address_set:tornado_cash,legacy_v0_1_event_yaml,event_yaml,admitted,admitted,semenov-ofac-2023,S1_ofac_sdn,ofac_sdn_designation,US_OFAC,2023-08-23T00:00:00+00:00,day,US,address_set,ethereum,"asset_onchain,l1_consensus",,"l0_network,l3_rpc,l4_frontend,offramp_cex",,asset_onchain,comparison,empirical_case,events/semenov-ofac-2023.yaml,"""Individual OFAC designation of Roman Semenov on"
storm-semenov-doj-2023,legacy_v0_1_event_yaml:storm-semenov-doj-2023:entity:tornado_cash,legacy_v0_1_event_yaml,event_yaml,admitted,admitted,storm-semenov-doj-2023,S3_doj_sec_cftc_fiod,doj_indictment,US_DOJ_SDNY,2023-08-23T00:00:00+00:00,day,US,entity,,offramp_cex,,,"asset_onchain,l0_network,l1_consensus,l3_rpc,l4_frontend",,null_event,null_case,events/storm-semenov-doj-2023.yaml,"""DOJ SDNY indictment of Roman Storm and Roman Semenov on 2023-08-23 —"
ofac-recent-action-20230823,ofac_recent_actions_crypto_2017_2026:ofac-recent-action-20230823:address_set:address_set:8:0x43fa21d92141BA9db43052492E0DeEE5aa5f0A93,ofac_recent_actions_crypto_2017_2026,candidate_trigger,promoted_to_event,,semenov-ofac-2023,S1_ofac_sdn,ofac_sdn_designation,US_OFAC,2023-08-23T00:00:00Z,day,US,address_set,ethereum,,,,,,,,candidate_triggers/ofac-recent-action-20230823.yaml,Systematic OFAC backfill row is already represented by promoted event YAML: semenov-ofac-2023
ofac-recent-action-20230907,ofac_recent_actions_crypto_2017_2026:ofac-recent-action-20230907,ofac_recent_actions_crypto_2017_2026,candidate_trigger,screened_no_extractor_target,,,,ofac_sdn_designation,US_OFAC,2023-09-07T00:00:00Z,day,US,,,,,,,,,,candidate_triggers/rejected/ofac-recent-action-20230907.yaml,"Systematic OFAC backfill retained for selection transparency, but not counted as an in-frame trigger because the extractor found no concrete crypto target."
tether-doj-pig-butchering-freeze-2023,legacy_v0_1_event_yaml:tether-doj-pig-butchering-freeze-2023:entity,legacy_v0_1_event_yaml,event_yaml,admitted,admitted,tether-doj-pig-butchering-freeze-2023,S5_corporate,corporate_policy_change,tether_usdt_issuer,2023-11-20T00:00:00+00:00,day,"corporate_global,US",entity,"ethereum,tron",offramp_cex,,asset_onchain,"l0_network,l1_consensus,l3_rpc,l4_frontend",offramp_cex,comparison,empirical_case,events/tether-doj-pig-butchering-freeze-2023.yaml,"""Tether's 2023-11-20 freeze of $225M USDT linked to a Southeast Asia"
binance-4framework-2023,legacy_v0_1_event_yaml:binance-4framework-2023:entity,legacy_v0_1_event_yaml,event_yaml,admitted,admitted,binance-4framework-2023,S3_doj_sec_cftc_fiod,doj_indictment,US_DOJ_FinCEN_OFAC_CFTC,2023-11-21T00:00:00+00:00,day,US,entity,,"l4_frontend,offramp_cex",,l0_network,"asset_onchain,l1_consensus,l3_rpc",offramp_cex,comparison,empirical_case,events/binance-4framework-2023.yaml,"""The 2023-11-21 DOJ + FinCEN + OFAC + CFTC $4.3B settlement with Binance"
sinbad-ofac-2023,legacy_v0_1_event_yaml:sinbad-ofac-2023:address_set:sinbad_io,legacy_v0_1_event_yaml,event_yaml,admitted,admitted,sinbad-ofac-2023,S1_ofac_sdn,ofac_sdn_designation,US_OFAC,2023-11-29T00:00:00+00:00,day,US,address_set,bitcoin,l4_frontend,,"l0_network,offramp_cex","asset_onchain,l1_consensus,l3_rpc",,null_event,null_case,events/sinbad-ofac-2023.yaml,"""OFAC designation of the Sinbad Bitcoin mixer on"
ofac-recent-action-20231129,ofac_recent_actions_crypto_2017_2026:ofac-recent-action-20231129:address_set:address_set:2:1JHdQHkBZiim1cb4hyUh2PbzEbbg6z2TrF,ofac_recent_actions_crypto_2017_2026,candidate_trigger,promoted_to_event,,sinbad-ofac-2023,S1_ofac_sdn,ofac_sdn_designation,US_OFAC,2023-11-29T00:00:00Z,day,US,address_set,bitcoin,,,,,,,,candidate_triggers/ofac-recent-action-20231129.yaml,Systematic OFAC backfill row is already represented by promoted event YAML: sinbad-ofac-2023
ofac-recent-action-20231204,ofac_recent_actions_crypto_2017_2026:ofac-recent-action-20231204,ofac_recent_actions_crypto_2017_2026,candidate_trigger,screened_no_extractor_target,,,,ofac_sdn_designation,US_OFAC,2023-12-04T00:00:00Z,day,US,,,,,,,,,,candidate_triggers/rejected/ofac-recent-action-20231204.yaml,"Systematic OFAC backfill retained for selection transparency, but not counted as an in-frame trigger because the extractor found no concrete crypto target."
ofac-recent-action-20231207,ofac_recent_actions_crypto_2017_2026:ofac-recent-action-20231207,ofac_recent_actions_crypto_2017_2026,candidate_trigger,screened_no_extractor_target,,,,ofac_sdn_designation,US_OFAC,2023-12-07T00:00:00Z,day,US,,,,,,,,,,candidate_triggers/rejected/ofac-recent-action-20231207.yaml,"Systematic OFAC backfill retained for selection transparency, but not counted as an in-frame trigger because the extractor found no concrete crypto target."
tether-retroactive-sweep-2023,legacy_v0_1_event_yaml:tether-retroactive-sweep-2023:address_set:address_set:13:0x19aa5fe80d33a56d56c78e82ea5e50e5d80b4dff,legacy_v0_1_event_yaml,event_yaml,admitted,admitted,tether-retroactive-sweep-2023,S5_corporate,corporate_policy_change,tether_usdt_issuer,2023-12-09T04:30:00+00:00,minute,corporate_global,address_set,ethereum,asset_onchain,,,"l0_network,l1_consensus,l3_rpc,l4_frontend,offramp_cex",asset_onchain,comparison,empirical_case,events/tether-retroactive-sweep-2023.yaml,"""Tether executed a retroactive batch freeze of historical OFAC-SDN ETH addresses on"
eu-12th-russia-sanctions-2023,legacy_v0_1_event_yaml:eu-12th-russia-sanctions-2023:entity,legacy_v0_1_event_yaml,event_yaml,admitted,admitted,eu-12th-russia-sanctions-2023,S6_supranational,non_us_sanctions,EU_Council,2023-12-18T00:00:00+00:00,day,EU,entity,,offramp_cex,,,"asset_onchain,l0_network,l1_consensus,l3_rpc,l4_frontend",offramp_cex,comparison,empirical_case,events/eu-12th-russia-sanctions-2023.yaml,"""EU Council Regulation 2023/2878 on 2023-12-18 extended Article 5aa of"
ofac-recent-action-20240111,ofac_recent_actions_crypto_2017_2026:ofac-recent-action-20240111:address_set:address_set:30:0x48549a34ae37b12f6a30566245176994e17c6b4a,ofac_recent_actions_crypto_2017_2026,candidate_trigger,candidate,,,S1_ofac_sdn,ofac_sdn_designation,US_OFAC,2024-01-11T00:00:00Z,day,US,address_set,"ethereum,bitcoin,xrp_ledger,tron",,,,,,,,candidate_triggers/ofac-recent-action-20240111.yaml,Systematic OFAC backfill candidate. Requires per-layer evidence collection and denominator classification before promotion.
ofac-recent-action-20240123,ofac_recent_actions_crypto_2017_2026:ofac-recent-action-20240123,ofac_recent_actions_crypto_2017_2026,candidate_trigger,screened_no_extractor_target,,,,ofac_sdn_designation,US_OFAC,2024-01-23T00:00:00Z,day,US,,,,,,,,,,candidate_triggers/rejected/ofac-recent-action-20240123.yaml,"Systematic OFAC backfill retained for selection transparency, but not counted as an in-frame trigger because the extractor found no concrete crypto target."
lockbit-affiliates-ofac-2024,legacy_v0_1_event_yaml:lockbit-affiliates-ofac-2024:address_set:address_set:10:bc1q5jqgm7nvrhaw2rh2vk0dk8e4gg5g373g0vz07r,legacy_v0_1_event_yaml,event_yaml,admitted,admitted,lockbit-affiliates-ofac-2024,S1_ofac_sdn,ofac_sdn_designation,US_OFAC,2024-02-20T00:00:00+00:00,day,"US,UK,AU,EU",address_set,"bitcoin,ethereum","asset_onchain,l1_consensus",,"l3_rpc,offramp_cex","l0_network,l4_frontend",asset_onchain,comparison,empirical_case,events/lockbit-affiliates-ofac-2024.yaml,"""LockBit-affiliate individual OFAC designation (2024-02-20) produced no measurable step"
ofac-recent-action-20240220,ofac_recent_actions_crypto_2017_2026:ofac-recent-action-20240220:address_set:address_set:10:0xf3701f445b6bdafedbca97d1e477357839e4120d,ofac_recent_actions_crypto_2017_2026,candidate_trigger,promoted_to_event,,lockbit-affiliates-ofac-2024,S1_ofac_sdn,ofac_sdn_designation,US_OFAC,2024-02-20T00:00:00Z,day,US,address_set,"ethereum,bitcoin",,,,,,,,candidate_triggers/ofac-recent-action-20240220.yaml,Systematic OFAC backfill row is already represented by promoted event YAML: lockbit-affiliates-ofac-2024
ofac-recent-action-20240305,ofac_recent_actions_crypto_2017_2026:ofac-recent-action-20240305,ofac_recent_actions_crypto_2017_2026,candidate_trigger,screened_no_extractor_target,,,,ofac_sdn_removal,US_OFAC,2024-03-05T00:00:00Z,day,US,,,,,,,,,,candidate_triggers/rejected/ofac-recent-action-20240305.yaml,"Systematic OFAC backfill retained for selection transparency, but not counted as an in-frame trigger because the extractor found no concrete crypto target."
ofac-recent-action-20240325,ofac_recent_actions_crypto_2017_2026:ofac-recent-action-20240325,ofac_recent_actions_crypto_2017_2026,candidate_trigger,screened_no_extractor_target,,,,ofac_sdn_designation,US_OFAC,2024-03-25T00:00:00Z,day,US,,,,,,,,,,candidate_triggers/rejected/ofac-recent-action-20240325.yaml,"Systematic OFAC backfill retained for selection transparency, but not counted as an in-frame trigger because the extractor found no concrete crypto target."
sec-v-uniswap-wells-notice-2024,legacy_v0_1_event_yaml:sec-v-uniswap-wells-notice-2024:entity:uniswap_v2_v3,legacy_v0_1_event_yaml,event_yaml,admitted,admitted,sec-v-uniswap-wells-notice-2024,S3_doj_sec_cftc_fiod,sec_action,US_SEC,2024-04-10T00:00:00+00:00,day,US,entity,,l4_frontend,,,"asset_onchain,l0_network,l1_consensus,l3_rpc,offramp_cex",,null_event,null_case,events/sec-v-uniswap-wells-notice-2024.yaml,"""SEC Wells notice against Uniswap Labs (disclosed 2024-04-10, dropped"
ofac-recent-action-20240412,ofac_recent_actions_crypto_2017_2026:ofac-recent-action-20240412,ofac_recent_actions_crypto_2017_2026,candidate_trigger,screened_no_extractor_target,,,,ofac_sdn_removal,US_OFAC,2024-04-12T00:00:00Z,day,US,,,,,,,,,,candidate_triggers/rejected/ofac-recent-action-20240412.yaml,"Systematic OFAC backfill retained for selection transparency, but not counted as an in-frame trigger because the extractor found no concrete crypto target."
samourai-doj-2024,legacy_v0_1_event_yaml:samourai-doj-2024:entity:samourai_wallet,legacy_v0_1_event_yaml,event_yaml,admitted,admitted,samourai-doj-2024,S3_doj_sec_cftc_fiod,doj_indictment,US_DOJ_SDNY,2024-04-24T00:00:00+00:00,day,"US,PT,IS,EU",entity,bitcoin,l4_frontend,,"l0_network,offramp_cex","asset_onchain,l1_consensus,l3_rpc",l4_frontend,comparison,empirical_case,events/samourai-doj-2024.yaml,"""DOJ SDNY indictment + domain seizure of Samourai Wallet on 2024-04-24 produced a direct"
lockbit-leader-ofac-2024,legacy_v0_1_event_yaml:lockbit-leader-ofac-2024:address_set:address_set:1:bc1qvhnfknw852ephxyc5hm4q520zmvf9maphetc9z,legacy_v0_1_event_yaml,event_yaml,admitted,admitted,lockbit-leader-ofac-2024,S1_ofac_sdn,ofac_sdn_designation,US_OFAC,2024-05-07T00:00:00+00:00,day,"US,UK,AU",address_set,bitcoin,offramp_cex,,,"asset_onchain,l0_network,l1_consensus,l3_rpc,l4_frontend",,null_event,null_case,events/lockbit-leader-ofac-2024.yaml,"""OFAC individual designation of LockBit leader KHOROSHEV on 2024-05-07 attached 1 BTC"
ofac-recent-action-20240507,ofac_recent_actions_crypto_2017_2026:ofac-recent-action-20240507:address_set:address_set:1:bc1qvhnfknw852ephxyc5hm4q520zmvf9maphetc9z,ofac_recent_actions_crypto_2017_2026,candidate_trigger,promoted_to_event,,lockbit-leader-ofac-2024,S1_ofac_sdn,ofac_sdn_designation,US_OFAC,2024-05-07T00:00:00Z,day,US,address_set,bitcoin,,,,,,,,candidate_triggers/ofac-recent-action-20240507.yaml,Systematic OFAC backfill row is already represented by promoted event YAML: lockbit-leader-ofac-2024
ofac-recent-action-20240708,ofac_recent_actions_crypto_2017_2026:ofac-recent-action-20240708,ofac_recent_actions_crypto_2017_2026,candidate_trigger,screened_no_extractor_target,,,,ofac_sdn_removal,US_OFAC,2024-07-08T00:00:00Z,day,US,,,,,,,,,,candidate_triggers/rejected/ofac-recent-action-20240708.yaml,"Systematic OFAC backfill retained for selection transparency, but not counted as an in-frame trigger because the extractor found no concrete crypto target."
ofac-recent-action-20240719,ofac_recent_actions_crypto_2017_2026:ofac-recent-action-20240719,ofac_recent_actions_crypto_2017_2026,candidate_trigger,screened_no_extractor_target,,,,ofac_sdn_designation,US_OFAC,2024-07-19T00:00:00Z,day,US,,,,,,,,,,candidate_triggers/rejected/ofac-recent-action-20240719.yaml,"Systematic OFAC backfill retained for selection transparency, but not counted as an in-frame trigger because the extractor found no concrete crypto target."
ofac-recent-action-20240916,ofac_recent_actions_crypto_2017_2026:ofac-recent-action-20240916,ofac_recent_actions_crypto_2017_2026,candidate_trigger,screened_no_extractor_target,,,,ofac_sdn_designation,US_OFAC,2024-09-16T00:00:00Z,day,US,,,,,,,,,,candidate_triggers/rejected/ofac-recent-action-20240916.yaml,"Systematic OFAC backfill retained for selection transparency, but not counted as an in-frame trigger because the extractor found no concrete crypto target."
cryptex-ofac-2024,legacy_v0_1_event_yaml:cryptex-ofac-2024:address_set:cryptex_exchange,legacy_v0_1_event_yaml,event_yaml,admitted,admitted,cryptex-ofac-2024,S1_ofac_sdn,ofac_sdn_designation,US_OFAC,2024-09-26T00:00:00+00:00,day,"US,NL,DE",address_set,"bitcoin,ethereum,litecoin,tron","asset_onchain,l1_consensus,l4_frontend",,"l0_network,l3_rpc,offramp_cex",,"asset_onchain,l4_frontend",comparison,anchor_case,events/cryptex-ofac-2024.yaml,"""OFAC designation of the Cryptex Russian exchange on 2024-09-26"
ofac-recent-action-20240926,ofac_recent_actions_crypto_2017_2026:ofac-recent-action-20240926:address_set:address_set:4:0x0931cA4D13BB4ba75D9B7132AB690265D749a5E7,ofac_recent_actions_crypto_2017_2026,candidate_trigger,promoted_to_event,,cryptex-ofac-2024,S1_ofac_sdn,ofac_sdn_designation,US_OFAC,2024-09-26T00:00:00Z,day,US,address_set,"ethereum,litecoin,tron,bitcoin",,,,,,,,candidate_triggers/ofac-recent-action-20240926.yaml,Systematic OFAC backfill row is already represented by promoted event YAML: cryptex-ofac-2024
ofac-recent-action-20241001,ofac_recent_actions_crypto_2017_2026:ofac-recent-action-20241001,ofac_recent_actions_crypto_2017_2026,candidate_trigger,screened_no_extractor_target,,,,ofac_sdn_removal,US_OFAC,2024-10-01T00:00:00Z,day,US,,,,,,,,,,candidate_triggers/rejected/ofac-recent-action-20241001.yaml,"Systematic OFAC backfill retained for selection transparency, but not counted as an in-frame trigger because the extractor found no concrete crypto target."
sichuan-silence-ofac-2024,legacy_v0_1_event_yaml:sichuan-silence-ofac-2024:entity,legacy_v0_1_event_yaml,event_yaml,admitted,admitted,sichuan-silence-ofac-2024,S1_ofac_sdn,ofac_sdn_designation,US_OFAC,2024-12-10T00:00:00+00:00,day,US,entity,,offramp_cex,,asset_onchain,"l0_network,l1_consensus,l3_rpc,l4_frontend",,null_event,null_case,events/sichuan-silence-ofac-2024.yaml,"""OFAC designation of Sichuan Silence Info Tech on 2024-12-10 targeted a Chinese"
ofac-recent-action-20241210,ofac_recent_actions_crypto_2017_2026:ofac-recent-action-20241210,ofac_recent_actions_crypto_2017_2026,candidate_trigger,promoted_to_event,,sichuan-silence-ofac-2024,S1_ofac_sdn,ofac_sdn_designation,US_OFAC,2024-12-10T00:00:00Z,day,US,,,,,,,,,,candidate_triggers/ofac-recent-action-20241210.yaml,Systematic OFAC backfill row is already represented by promoted event YAML: sichuan-silence-ofac-2024
ofac-recent-action-20241231,ofac_recent_actions_crypto_2017_2026:ofac-recent-action-20241231,ofac_recent_actions_crypto_2017_2026,candidate_trigger,screened_no_extractor_target,,,,ofac_sdn_designation,US_OFAC,2024-12-31T00:00:00Z,day,US,,,,,,,,,,candidate_triggers/rejected/ofac-recent-action-20241231.yaml,"Systematic OFAC backfill retained for selection transparency, but not counted as an in-frame trigger because the extractor found no concrete crypto target."
ofac-recent-action-20250103,ofac_recent_actions_crypto_2017_2026:ofac-recent-action-20250103,ofac_recent_actions_crypto_2017_2026,candidate_trigger,screened_no_extractor_target,,,,ofac_sdn_designation,US_OFAC,2025-01-03T00:00:00Z,day,US,,,,,,,,,,candidate_triggers/rejected/ofac-recent-action-20250103.yaml,"Systematic OFAC backfill retained for selection transparency, but not counted as an in-frame trigger because the extractor found no concrete crypto target."
ofac-recent-action-20250116,ofac_recent_actions_crypto_2017_2026:ofac-recent-action-20250116,ofac_recent_actions_crypto_2017_2026,candidate_trigger,screened_no_extractor_target,,,,ofac_sdn_removal,US_OFAC,2025-01-16T00:00:00Z,day,US,,,,,,,,,,candidate_triggers/rejected/ofac-recent-action-20250116.yaml,"Systematic OFAC backfill retained for selection transparency, but not counted as an in-frame trigger because the extractor found no concrete crypto target."
ofac-recent-action-20250117,ofac_recent_actions_crypto_2017_2026:ofac-recent-action-20250117,ofac_recent_actions_crypto_2017_2026,candidate_trigger,screened_no_extractor_target,,,,ofac_sdn_designation,US_OFAC,2025-01-17T00:00:00Z,day,US,,,,,,,,,,candidate_triggers/rejected/ofac-recent-action-20250117.yaml,"Systematic OFAC backfill retained for selection transparency, but not counted as an in-frame trigger because the extractor found no concrete crypto target."
zservers-ofac-2025,legacy_v0_1_event_yaml:zservers-ofac-2025:address_set:address_set:4:3FfRvC3kSo2SxiQe5e7SSuNdegwgq8iusL,legacy_v0_1_event_yaml,event_yaml,admitted,admitted,zservers-ofac-2025,S1_ofac_sdn,ofac_sdn_designation,US_OFAC,2025-02-11T00:00:00+00:00,day,"US,UK,AU",address_set,bitcoin,offramp_cex,,l0_network,"asset_onchain,l1_consensus,l3_rpc,l4_frontend",,null_event,null_case,events/zservers-ofac-2025.yaml,"""Joint US/UK/AU OFAC designation of Zservers on 2025-02-11 attached 4 BTC addresses."
ofac-recent-action-20250211,ofac_recent_actions_crypto_2017_2026:ofac-recent-action-20250211:address_set:address_set:4:1Gekw8ACSs37oXcc5XQHvoux3iKoVFtpF4,ofac_recent_actions_crypto_2017_2026,candidate_trigger,promoted_to_event,,zservers-ofac-2025,S1_ofac_sdn,ofac_sdn_designation,US_OFAC,2025-02-11T00:00:00Z,day,US,address_set,bitcoin,,,,,,,,candidate_triggers/ofac-recent-action-20250211.yaml,Systematic OFAC backfill row is already represented by promoted event YAML: zservers-ofac-2025
ofac-recent-action-20250305,ofac_recent_actions_crypto_2017_2026:ofac-recent-action-20250305,ofac_recent_actions_crypto_2017_2026,candidate_trigger,screened_no_extractor_target,,,,ofac_sdn_designation,US_OFAC,2025-03-05T00:00:00Z,day,US,,,,,,,,,,candidate_triggers/rejected/ofac-recent-action-20250305.yaml,"Systematic OFAC backfill retained for selection transparency, but not counted as an in-frame trigger because the extractor found no concrete crypto target."
tornado-cash-ofac-delisting-2025,legacy_v0_1_event_yaml:tornado-cash-ofac-delisting-2025:address_set:tornado_cash,legacy_v0_1_event_yaml,event_yaml,admitted,admitted,tornado-cash-ofac-delisting-2025,S2_ofac_removal,ofac_sdn_removal,US_OFAC,2025-03-21T00:00:00+00:00,day,US,address_set,ethereum,"asset_onchain,l1_consensus","l3_rpc,l4_frontend","l0_network,offramp_cex",,"asset_onchain,l1_consensus,l3_rpc,l4_frontend",cascade,empirical_case,events/tornado-cash-ofac-delisting-2025.yaml,"""OFAC delisting of Tornado Cash on 2025-03-21 (Van Loon-litigation driven)"
ofac-recent-action-20250321,ofac_recent_actions_crypto_2017_2026:ofac-recent-action-20250321:address_set:address_set:98:0x01e2919679362dFBC9ee1644Ba9C6da6D6245BB1,ofac_recent_actions_crypto_2017_2026,candidate_trigger,promoted_to_event,,tornado-cash-ofac-delisting-2025,S2_ofac_removal,ofac_sdn_removal,US_OFAC,2025-03-21T00:00:00Z,day,US,address_set,ethereum,,,,,,,,candidate_triggers/ofac-recent-action-20250321.yaml,Systematic OFAC backfill row is already represented by promoted event YAML: tornado-cash-ofac-delisting-2025
tether-dprk-precommit-freeze-2025,legacy_v0_1_event_yaml:tether-dprk-precommit-freeze-2025:address_set:address_set:2:TA3941uFAvmVibSkQ6fMJXxmaSNovX86mz,legacy_v0_1_event_yaml,event_yaml,admitted,admitted,tether-dprk-precommit-freeze-2025,S5_corporate,corporate_policy_change,tether_usdt_issuer,2025-04-30T07:05:00+00:00,minute,corporate_global,address_set,tron,asset_onchain,,,"l0_network,l1_consensus,l3_rpc,l4_frontend,offramp_cex",asset_onchain,comparison,empirical_case,events/tether-dprk-precommit-freeze-2025.yaml,"""Tether batch-froze a subset of DPRK-laundering USDT-TRC20 addresses on 2025-04-30 at"
funnull-cdn-ofac-2025,legacy_v0_1_event_yaml:funnull-cdn-ofac-2025:entity:funnull_cdn,legacy_v0_1_event_yaml,event_yaml,admitted,admitted,funnull-cdn-ofac-2025,S1_ofac_sdn,ofac_sdn_designation,US_OFAC,2025-05-29T00:00:00+00:00,day,US,entity,"ethereum,tron","asset_onchain,l1_consensus",,"l0_network,l3_rpc,l4_frontend,offramp_cex",,asset_onchain,comparison,empirical_case,events/funnull-cdn-ofac-2025.yaml,"""OFAC designation of Funnull CDN on 2025-05-29 attached 2 addresses (ETH + TRX). Four"
ofac-recent-action-20250529,ofac_recent_actions_crypto_2017_2026:ofac-recent-action-20250529:address_set:address_set:2:0xd5ED34b52AC4ab84d8FA8A231a3218bbF01Ed510,ofac_recent_actions_crypto_2017_2026,candidate_trigger,promoted_to_event,,funnull-cdn-ofac-2025,S1_ofac_sdn,ofac_sdn_designation,US_OFAC,2025-05-29T00:00:00Z,day,US,address_set,"ethereum,tron",,,,,,,,candidate_triggers/ofac-recent-action-20250529.yaml,Systematic OFAC backfill row is already represented by promoted event YAML: funnull-cdn-ofac-2025
aeza-group-ofac-2025,legacy_v0_1_event_yaml:aeza-group-ofac-2025:entity:aeza_hosting,legacy_v0_1_event_yaml,event_yaml,admitted,admitted,aeza-group-ofac-2025,S1_ofac_sdn,ofac_sdn_designation,US_OFAC,2025-07-01T00:00:00+00:00,day,"US,UK",entity,tron,asset_onchain,,"l0_network,l4_frontend,offramp_cex","l1_consensus,l3_rpc",asset_onchain,comparison,empirical_case,events/aeza-group-ofac-2025.yaml,"""OFAC designation of the Aeza Group Russian bulletproof-hosting network on 2025-07-01"
ofac-recent-action-20250701,ofac_recent_actions_crypto_2017_2026:ofac-recent-action-20250701:address_set:address_set:1:TU4tDFRvcKhAZ1jdihojmBWZqvJhQCnJ4F,ofac_recent_actions_crypto_2017_2026,candidate_trigger,promoted_to_event,,aeza-group-ofac-2025,S1_ofac_sdn,ofac_sdn_designation,US_OFAC,2025-07-01T00:00:00Z,day,US,address_set,tron,,,,,,,,candidate_triggers/ofac-recent-action-20250701.yaml,Systematic OFAC backfill row is already represented by promoted event YAML: aeza-group-ofac-2025
grinex-garantex-successor-ofac-2025,legacy_v0_1_event_yaml:grinex-garantex-successor-ofac-2025:address_set:garantex_successor_network,legacy_v0_1_event_yaml,event_yaml,admitted,admitted,grinex-garantex-successor-ofac-2025,S1_ofac_sdn,ofac_sdn_designation,US_OFAC,2025-08-14T00:00:00+00:00,day,US,address_set,"tron,ethereum,bitcoin",asset_onchain,,"l0_network,l1_consensus,l3_rpc,offramp_cex",l4_frontend,asset_onchain,comparison,empirical_case,events/grinex-garantex-successor-ofac-2025.yaml,"""OFAC designation of the Grinex / Old Vector /"
ofac-recent-action-20250814,ofac_recent_actions_crypto_2017_2026:ofac-recent-action-20250814:address_set:address_set:21:0x12de548F79a50D2bd05481C8515C1eF5183666a9,ofac_recent_actions_crypto_2017_2026,candidate_trigger,promoted_to_event,,grinex-garantex-successor-ofac-2025,S1_ofac_sdn,ofac_sdn_designation,US_OFAC,2025-08-14T00:00:00Z,day,US,address_set,"ethereum,tron,bitcoin",,,,,,,,candidate_triggers/ofac-recent-action-20250814.yaml,Systematic OFAC backfill row is already represented by promoted event YAML: grinex-garantex-successor-ofac-2025
ofac-recent-action-20250908,ofac_recent_actions_crypto_2017_2026:ofac-recent-action-20250908,ofac_recent_actions_crypto_2017_2026,candidate_trigger,screened_no_extractor_target,,,,ofac_sdn_designation,US_OFAC,2025-09-08T00:00:00Z,day,US,,,,,,,,,,candidate_triggers/rejected/ofac-recent-action-20250908.yaml,"Systematic OFAC backfill retained for selection transparency, but not counted as an in-frame trigger because the extractor found no concrete crypto target."
dprk-usdt-network-ofac-2025,legacy_v0_1_event_yaml:dprk-usdt-network-ofac-2025:address_set:address_set:53:TA3941uFAvmVibSkQ6fMJXxmaSNovX86mz,legacy_v0_1_event_yaml,event_yaml,admitted,admitted,dprk-usdt-network-ofac-2025,S1_ofac_sdn,ofac_sdn_designation,US_OFAC,2025-11-04T00:00:00+00:00,day,US,address_set,tron,asset_onchain,,offramp_cex,"l0_network,l1_consensus,l3_rpc,l4_frontend",asset_onchain,comparison,empirical_case,events/dprk-usdt-network-ofac-2025.yaml,"""OFAC's 2025-11-04 DPRK laundering-network designation attached 53 USDT-TRC20 addresses"
ofac-recent-action-20251104,ofac_recent_actions_crypto_2017_2026:ofac-recent-action-20251104:address_set:address_set:53:TA3941uFAvmVibSkQ6fMJXxmaSNovX86mz,ofac_recent_actions_crypto_2017_2026,candidate_trigger,promoted_to_event,,dprk-usdt-network-ofac-2025,S1_ofac_sdn,ofac_sdn_designation,US_OFAC,2025-11-04T00:00:00Z,day,US,address_set,"ethereum,tron",,,,,,,,candidate_triggers/ofac-recent-action-20251104.yaml,Systematic OFAC backfill row is already represented by promoted event YAML: dprk-usdt-network-ofac-2025
ofac-recent-action-20251112,ofac_recent_actions_crypto_2017_2026:ofac-recent-action-20251112,ofac_recent_actions_crypto_2017_2026,candidate_trigger,screened_no_extractor_target,,,,ofac_sdn_designation,US_OFAC,2025-11-12T00:00:00Z,day,US,,,,,,,,,,candidate_triggers/rejected/ofac-recent-action-20251112.yaml,"Systematic OFAC backfill retained for selection transparency, but not counted as an in-frame trigger because the extractor found no concrete crypto target."
russian-cybercrime-infra-ofac-2025,legacy_v0_1_event_yaml:russian-cybercrime-infra-ofac-2025:address_set:address_set:1:18dLDAWi8LmrHbEq3QzDJb9SLxCf4uimXB,legacy_v0_1_event_yaml,event_yaml,admitted,admitted,russian-cybercrime-infra-ofac-2025,S1_ofac_sdn,ofac_sdn_designation,US_OFAC,2025-11-19T00:00:00+00:00,day,"US,UK,AU",address_set,bitcoin,offramp_cex,,,"asset_onchain,l0_network,l1_consensus,l3_rpc,l4_frontend",,null_event,null_case,events/russian-cybercrime-infra-ofac-2025.yaml,"""Joint US/UK/AU OFAC designation of Russian cybercrime infrastructure operators on"
ofac-recent-action-20251119,ofac_recent_actions_crypto_2017_2026:ofac-recent-action-20251119:address_set:address_set:1:18dLDAWi8LmrHbEq3QzDJb9SLxCf4uimXB,ofac_recent_actions_crypto_2017_2026,candidate_trigger,promoted_to_event,,russian-cybercrime-infra-ofac-2025,S1_ofac_sdn,ofac_sdn_designation,US_OFAC,2025-11-19T00:00:00Z,day,US,address_set,bitcoin,,,,,,,,candidate_triggers/ofac-recent-action-20251119.yaml,Systematic OFAC backfill row is already represented by promoted event YAML: russian-cybercrime-infra-ofac-2025
ofac-recent-action-20251230,ofac_recent_actions_crypto_2017_2026:ofac-recent-action-20251230,ofac_recent_actions_crypto_2017_2026,candidate_trigger,screened_no_extractor_target,,,,ofac_sdn_removal,US_OFAC,2025-12-30T00:00:00Z,day,US,,,,,,,,,,candidate_triggers/rejected/ofac-recent-action-20251230.yaml,"Systematic OFAC backfill retained for selection transparency, but not counted as an in-frame trigger because the extractor found no concrete crypto target."
ofac-recent-action-20260224,ofac_recent_actions_crypto_2017_2026:ofac-recent-action-20260224,ofac_recent_actions_crypto_2017_2026,candidate_trigger,screened_no_extractor_target,,,,ofac_sdn_designation,US_OFAC,2026-02-24T00:00:00Z,day,US,,,,,,,,,,candidate_triggers/rejected/ofac-recent-action-20260224.yaml,"Systematic OFAC backfill retained for selection transparency, but not counted as an in-frame trigger because the extractor found no concrete crypto target."
ofac-recent-action-20260313,ofac_recent_actions_crypto_2017_2026:ofac-recent-action-20260313,ofac_recent_actions_crypto_2017_2026,candidate_trigger,screened_no_extractor_target,,,,ofac_sdn_removal,US_OFAC,2026-03-13T00:00:00Z,day,US,,,,,,,,,,candidate_triggers/rejected/ofac-recent-action-20260313.yaml,"Systematic OFAC backfill retained for selection transparency, but not counted as an in-frame trigger because the extractor found no concrete crypto target."
